{
  "revenue_weights": [
    0.1831470530983966,
    0.005896031303953992,
    0.12672984817921035,
    0.025177588401686102,
    0.05452579803127825,
    -0.0221043807714041,
    0.6291767755392755,
    0.02790815683697946,
    -0.0091609041752935,
    0.004732772116618224,
    0.06448230871165073,
    0.0036807419857394106,
    -0.05684736136906667,
    -0.07453328433217603,
    0.24909096365750832
  ],
  "revenue_bias": 3.7573460226982656e-16,
  "success_weights": [
    0.08245058187763349,
    0.08077381775366496,
    0.07313154227199302,
    0.0675056632674802,
    0.01939764003344556,
    0.012469865197141473,
    -0.007423605600248579,
    0.011841365920956883,
    0.006405845462842567,
    1.4577095222030439e-05,
    0.08007464621991991,
    0.06500121812773978,
    0.08620204373063967,
    0.07287791870996872,
    -0.006359003544946725
  ],
  "success_bias": -0.5015509032884059,
  "feature_means": [
    2.5696833333333333,
    0.670075,
    2.928916666666667,
    0.6744916666666666,
    0.7417266666666666,
    0.6494083333333333,
    17.252542930614172,
    1.2245666666666668,
    0.5174483333333333,
    0.9723600000000001,
    44.342453133461795,
    3.583806666666666,
    5.5962905833333325,
    8.361951666666666,
    299.3544448191098
  ],
  "feature_stds": [
    1.326152049946987,
    0.16904855640506872,
    1.5749885262720675,
    0.15929713781640337,
    0.12464638428430168,
    0.16698943061466714,
    1.3054528993930568,
    0.3927634827868104,
    0.0718120725699858,
    0.2140593407161981,
    23.255360532230846,
    2.3261668231546846,
    4.5211054620846625,
    8.355715960234141,
    44.84470989363271
  ],
  "target_mean": 17.455404250022102,
  "target_std": 1.4676723762658914,
  "residual_std": 0.41296736210649465,
  "feature_names": [
    "director_avg_roi",
    "director_hit_rate",
    "producer_rev_mult",
    "producer_hit_rate",
    "writer_quality",
    "writer_hit_rate",
    "log_budget",
    "genre_rev_mult",
    "genre_base_success",
    "month_modifier",
    "director_x_budget",
    "producer_x_genre",
    "talent_combo",
    "director_roi_sq",
    "budget_sq"
  ]
}